Country name,Country code,Year,Adult populaiton,Region,Income group,Made or received a digital payment (% age 15+),Used a mobile phone or the internet to access an account (% age 15+),"Saved money using a mobile money account, rural (% age 15+)","Made a deposit (% with a financial institution account, age 15+)",Coming up with emergency funds in 30 days: possible (% age 15+),Received wages: into an account (% age 15+),Paid school fees (% age 15+),Saved at a financial institution or using a mobile money account (% age 15+),"Account, female (% age 15+)","Account, income, poorest 40% (% ages 15+)","Account, primary education or less (% ages 15+)","Account, secondary education or more (% ages 15+)"
Afghanistan,AFG,2011,15124473,South Asia,Low income,,,,,,,,,3%,1%,5%,30%
Afghanistan,AFG,2014,17300802,South Asia,Low income,6%,,,,,3%,11%,,4%,6%,5%,23%
Afghanistan,AFG,2017,19718214,South Asia,Low income,11%,1%,,66%,,6%,,,7%,14%,9%,31%
Afghanistan,AFG,2021,22647496,South Asia,Low income,8%,,0%,,88%,4%,,1%,5%,6%,5%,23%
Albania,ALB,2011,2258900,Europe & Central Asia (excluding high income),Upper middle income,,,,,,,,,23%,18%,15%,36%
Albania,ALB,2014,2320235,Europe & Central Asia (excluding high income),Upper middle income,22%,,,49%,,11%,36%,,34%,24%,24%,56%
Albania,ALB,2017,2347367,Europe & Central Asia (excluding high income),Upper middle income,29%,4%,,56%,,16%,,,38%,23%,27%,56%
Albania,ALB,2021,2348634,Europe & Central Asia (excluding high income),Upper middle income,35%,,,65%,90%,19%,,10%,46%,27%,34%,57%
Algeria,DZA,2011,26161802,Middle East & North Africa (excluding high income),Lower middle income,,,,,,,,,20%,23%,30%,40%
Algeria,DZA,2014,27492610,Middle East & North Africa (excluding high income),Lower middle income,28%,,,69%,,16%,15%,,40%,37%,48%,55%
Algeria,DZA,2017,28736970,Middle East & North Africa (excluding high income),Lower middle income,26%,2%,,54%,,8%,,,29%,35%,39%,49%
Algeria,DZA,2021,30352150,Middle East & North Africa (excluding high income),Lower middle income,34%,,,75%,86%,19%,,16%,31%,32%,39%,46%
Angola,AGO,2011,12369092,Sub-Saharan Africa (excluding high income),Lower middle income,,,,,,,,,39%,,35%,44%
Angola,AGO,2014,13734924,Sub-Saharan Africa (excluding high income),Lower middle income,25%,,,78%,,14%,24%,,22%,13%,14%,70%
Argentina,ARG,2011,30168788,Latin America & Caribbean (excluding high income),Upper middle income,,,,,,,,,32%,20%,28%,37%
Argentina,ARG,2014,31436980,Latin America & Caribbean (excluding high income),Upper middle income,40%,,,76%,,18%,20%,,51%,45%,52%,49%
Argentina,ARG,2017,32658140,Latin America & Caribbean (excluding high income),Upper middle income,40%,10%,,59%,,15%,,,51%,38%,43%,52%
Argentina,ARG,2021,34288808,Latin America & Caribbean (excluding high income),Upper middle income,65%,,,64%,85%,22%,,14%,74%,65%,57%,80%
Armenia,ARM,2011,2317369,Europe & Central Asia (excluding high income),Upper middle income,,,,,,,,,18%,15%,7%,20%
Armenia,ARM,2014,2327779,Europe & Central Asia (excluding high income),Upper middle income,12%,,,68%,,7%,14%,,15%,11%,6%,21%
Armenia,ARM,2017,2341277,Europe & Central Asia (excluding high income),Upper middle income,42%,11%,,46%,,16%,,,41%,34%,50%,47%
Armenia,ARM,2021,2345923,Europe & Central Asia (excluding high income),Upper middle income,47%,,2%,50%,82%,20%,,7%,52%,45%,45%,57%
Australia,AUS,2011,17838594,High income,High income,,,,,,,,,99%,98%,100%,99%
Australia,AUS,2014,18752160,High income,High income,97%,,,94%,,56%,,,99%,100%,100%,99%
Australia,AUS,2017,19606172,High income,High income,96%,68%,,92%,,56%,,,99%,99%,100%,100%
Australia,AUS,2021,20731388,High income,High income,99%,,,97%,96%,63%,,69%,100%,98%,86%,100%
Austria,AUT,2011,7132590,High income,High income,,,,,,,,,97%,95%,89%,98%
Austria,AUT,2014,7271094,High income,High income,94%,,,92%,,48%,,,97%,96%,96%,97%
Austria,AUT,2017,7498625,High income,High income,96%,51%,,85%,,51%,,,98%,98%,96%,99%
Austria,AUT,2021,7632042,High income,High income,99%,,,85%,93%,42%,,67%,100%,100%,100%,100%
Azerbaijan,AZE,2011,6986745,Europe & Central Asia (excluding high income),Upper middle income,,,,,,,,,14%,8%,9%,17%
Azerbaijan,AZE,2014,7286026,Europe & Central Asia (excluding high income),Upper middle income,20%,,,85%,,14%,11%,,26%,25%,17%,32%
Azerbaijan,AZE,2017,7500114,Europe & Central Asia (excluding high income),Upper middle income,25%,2%,,63%,,13%,,,28%,18%,20%,30%
Azerbaijan,AZE,2022,7732693,Europe & Central Asia (excluding high income),Upper middle income,43%,,,56%,73%,10%,,4%,39%,36%,31%,49%
Bahrain,BHR,2011,988825,High income,High income,,,,,,,,,49%,66%,63%,66%
Bahrain,BHR,2014,1045289,High income,High income,70%,,,72%,,29%,,,67%,81%,80%,82%
Bahrain,BHR,2017,1135075,High income,High income,77%,29%,,88%,,50%,,,75%,76%,71%,84%
Bangladesh,BGD,2011,100370568,South Asia,Lower middle income,,,,,,,,,26%,19%,21%,43%
Bangladesh,BGD,2014,106407880,South Asia,Lower middle income,8%,,,59%,,2%,28%,,26%,23%,25%,37%
Bangladesh,BGD,2017,112553880,South Asia,Lower middle income,34%,22%,,43%,,4%,,,36%,40%,40%,57%
Bangladesh,BGD,2021,120627496,South Asia,Lower middle income,45%,,3%,25%,88%,5%,,7%,43%,49%,47%,57%
Belarus,BLR,2011,8076893,Europe & Central Asia (excluding high income),Upper middle income,,,,,,,,,58%,50%,14%,67%
Belarus,BLR,2014,7987967,Europe & Central Asia (excluding high income),Upper middle income,66%,,,67%,,51%,7%,,72%,67%,33%,79%
Belarus,BLR,2017,7932437,Europe & Central Asia (excluding high income),Upper middle income,79%,32%,,86%,,55%,,,81%,74%,34%,89%
Belgium,BEL,2011,9056112,High income,High income,,,,,,,,,97%,94%,87%,99%
Belgium,BEL,2014,9267396,High income,High income,96%,,,88%,,52%,,,100%,99%,100%,98%
Belgium,BEL,2017,9403188,High income,High income,97%,62%,,90%,,51%,,,99%,99%,100%,99%
Belgium,BEL,2021,9587552,High income,High income,97%,,,93%,95%,54%,,57%,99%,98%,94%,99%
Belize,BLZ,2014,229859,Latin America & Caribbean (excluding high income),Lower middle income,28%,,,59%,,8%,42%,,52%,37%,41%,51%
Benin,BEN,2011,5165748,Sub-Saharan Africa (excluding high income),Lower middle income,,,,,,,,,10%,4%,9%,20%
Benin,BEN,2014,5659373,Sub-Saharan Africa (excluding high income),Lower middle income,8%,,,55%,,3%,24%,,14%,10%,12%,32%
Benin,BEN,2017,6211631,Sub-Saharan Africa (excluding high income),Lower middle income,28%,19%,,43%,,7%,,,29%,32%,31%,56%
Benin,BEN,2021,7038174,Sub-Saharan Africa (excluding high income),Lower middle income,44%,,8%,39%,86%,7%,,13%,40%,41%,41%,64%
Bhutan,BTN,2014,506008,South Asia,Lower middle income,17%,,,79%,,,39%,,28%,25%,29%,46%
Bolivia,BOL,2011,6582885,Latin America & Caribbean (excluding high income),Lower middle income,,,,,,,,,25%,14%,13%,34%
Bolivia,BOL,2014,7035171,Latin America & Caribbean (excluding high income),Lower middle income,28%,,,74%,,10%,24%,,38%,26%,20%,48%
Bolivia,BOL,2017,7503466,Latin America & Caribbean (excluding high income),Lower middle income,40%,9%,,54%,,10%,,,54%,43%,43%,61%
Bolivia,BOL,2021,8147430,Latin America & Caribbean (excluding high income),Lower middle income,55%,,,57%,86%,14%,,21%,63%,56%,55%,75%
Bosnia and Herzegovina,BIH,2011,3122345,Europe & Central Asia (excluding high income),Upper middle income,,,,,,,,,48%,43%,34%,68%
Bosnia and Herzegovina,BIH,2014,2998246,Europe & Central Asia (excluding high income),Upper middle income,33%,,,83%,,19%,24%,,47%,41%,38%,63%
Bosnia and Herzegovina,BIH,2017,2880993,Europe & Central Asia (excluding high income),Upper middle income,50%,6%,,81%,,24%,,,55%,48%,39%,69%
Bosnia and Herzegovina,BIH,2021,2804360,Europe & Central Asia (excluding high income),Upper middle income,67%,,,77%,85%,37%,,19%,70%,72%,58%,90%
Botswana,BWA,2011,1292247,Sub-Saharan Africa (excluding high income),Upper middle income,,,,,,,,,28%,14%,18%,39%
Botswana,BWA,2014,1342551,Sub-Saharan Africa (excluding high income),Upper middle income,46%,,,72%,,19%,25%,,49%,32%,31%,62%
Botswana,BWA,2017,1410120,Sub-Saharan Africa (excluding high income),Upper middle income,42%,25%,,49%,,16%,,,47%,35%,39%,60%
Botswana,BWA,2022,1566095,Sub-Saharan Africa (excluding high income),Upper middle income,52%,,,51%,78%,20%,,27%,54%,48%,44%,67%
Brazil,BRA,2011,147130928,Latin America & Caribbean (excluding high income),Upper middle income,,,,,,,,,51%,38%,47%,64%
Brazil,BRA,2014,154122960,Latin America & Caribbean (excluding high income),Upper middle income,59%,,,79%,,23%,9%,,65%,57%,60%,75%
Brazil,BRA,2017,160705088,Latin America & Caribbean (excluding high income),Upper middle income,58%,13%,,66%,,23%,,,68%,57%,63%,74%
Brazil,BRA,2021,168540064,Latin America & Caribbean (excluding high income),Upper middle income,77%,,,71%,91%,24%,,25%,81%,82%,81%,86%
Bulgaria,BGR,2011,6397465,Europe & Central Asia (excluding high income),Upper middle income,,,,,,,,,55%,37%,26%,68%
Bulgaria,BGR,2014,6252560,Europe & Central Asia (excluding high income),Upper middle income,52%,,,80%,,32%,13%,,63%,49%,32%,77%
Bulgaria,BGR,2017,6107376,Europe & Central Asia (excluding high income),Upper middle income,65%,11%,,79%,,44%,,,74%,55%,42%,85%
Bulgaria,BGR,2021,5910399,Europe & Central Asia (excluding high income),Upper middle income,75%,,,66%,85%,35%,,23%,84%,74%,71%,89%
Burkina Faso,BFA,2011,8391959,Sub-Saharan Africa (excluding high income),Low income,,,,,,,,,11%,7%,11%,35%
Burkina Faso,BFA,2014,9229827,Sub-Saharan Africa (excluding high income),Low income,8%,,,66%,,,20%,,13%,6%,11%,38%
Burkina Faso,BFA,2017,10183211,Sub-Saharan Africa (excluding high income),Low income,39%,29%,,58%,,9%,,,34%,27%,38%,63%
Burkina Faso,BFA,2021,11628431,Sub-Saharan Africa (excluding high income),Low income,33%,,8%,40%,91%,6%,,16%,31%,25%,32%,55%
Burundi,BDI,2011,4759410,Sub-Saharan Africa (excluding high income),Low income,,,,,,,,,6%,3%,6%,29%
Burundi,BDI,2014,5214324,Sub-Saharan Africa (excluding high income),Low income,4%,,,,,,21%,,7%,1%,4%,29%
Cambodia,KHM,2011,9542433,East Asia & Pacific (excluding high income),Lower middle income,,,,,,,,,4%,1%,2%,16%
Cambodia,KHM,2014,10201258,East Asia & Pacific (excluding high income),Lower middle income,18%,,,32%,,3%,29%,,20%,16%,20%,39%
Cambodia,KHM,2017,10817360,East Asia & Pacific (excluding high income),Lower middle income,16%,6%,,33%,,3%,,,22%,14%,19%,53%
Cambodia,KHM,2021,11548637,East Asia & Pacific (excluding high income),Lower middle income,26%,,1%,43%,93%,8%,,7%,33%,23%,29%,61%
Cameroon,CMR,2011,11454002,Sub-Saharan Africa (excluding high income),Lower middle income,,,,,,,,,11%,13%,13%,17%
Cameroon,CMR,2014,12475047,Sub-Saharan Africa (excluding high income),Lower middle income,8%,,,74%,,4%,35%,,10%,2%,6%,22%
Cameroon,CMR,2017,13622939,Sub-Saharan Africa (excluding high income),Lower middle income,29%,16%,,50%,,7%,,,30%,25%,27%,46%
Cameroon,CMR,2021,15379630,Sub-Saharan Africa (excluding high income),Lower middle income,50%,,15%,52%,90%,12%,,23%,49%,34%,37%,67%
Canada,CAN,2011,28397968,High income,High income,,,,,,,,,97%,93%,89%,98%
Canada,CAN,2014,29411002,High income,High income,97%,,,97%,,52%,,,99%,98%,100%,100%
Canada,CAN,2017,30368788,High income,High income,98%,70%,,96%,,54%,,,100%,100%,95%,100%
Canada,CAN,2021,32009816,High income,High income,98%,,,97%,94%,56%,,64%,100%,99%,90%,100%
Central African Republic,CAF,2011,2454128,Sub-Saharan Africa (excluding high income),Low income,,,,,,,,,3%,1%,1%,13%
Central African Republic,CAF,2017,2497788,Sub-Saharan Africa (excluding high income),Low income,9%,2%,,29%,,3%,,,10%,9%,10%,29%
Chad,TCD,2011,6123454,Sub-Saharan Africa (excluding high income),Low income,,,,,,,,,7%,7%,6%,23%
Chad,TCD,2014,6830551,Sub-Saharan Africa (excluding high income),Low income,10%,,,,,1%,21%,,8%,7%,10%,26%
Chad,TCD,2017,7624681,Sub-Saharan Africa (excluding high income),Low income,19%,13%,,,,4%,,,15%,14%,18%,46%
Chad,TCD,2022,8789428,Sub-Saharan Africa (excluding high income),Low income,18%,,,27%,79%,6%,,9%,23%,24%,22%,41%
Chile,CHL,2011,13294823,High income,High income,,,,,,,,,41%,30%,24%,51%
Chile,CHL,2014,13865163,High income,High income,55%,,,68%,,28%,27%,,59%,54%,37%,71%
Chile,CHL,2017,14512743,High income,High income,65%,28%,,72%,,33%,,,71%,67%,54%,81%
Chile,CHL,2021,15438493,High income,High income,84%,,,84%,85%,41%,,31%,87%,86%,69%,93%
China,CHN,2011,1088089856,East Asia & Pacific (excluding high income),Upper middle income,,,,,,,,,60%,47%,57%,82%
China,CHN,2014,1109792640,East Asia & Pacific (excluding high income),Upper middle income,49%,,,79%,,18%,32%,,76%,73%,73%,90%
China,CHN,2017,1130579584,East Asia & Pacific (excluding high income),Upper middle income,67%,38%,,63%,,21%,,,76%,69%,71%,94%
China,CHN,2021,1153772544,East Asia & Pacific (excluding high income),Upper middle income,86%,,,72%,92%,36%,,45%,87%,83%,83%,97%
Colombia,COL,2011,32891138,Latin America & Caribbean (excluding high income),Upper middle income,,,,,,,,,25%,14%,16%,35%
Colombia,COL,2014,34615780,Latin America & Caribbean (excluding high income),Upper middle income,33%,,,65%,,15%,20%,,34%,24%,20%,46%
Colombia,COL,2017,36590988,Latin America & Caribbean (excluding high income),Upper middle income,37%,9%,,54%,,14%,,,42%,35%,33%,53%
Colombia,COL,2021,39595244,Latin America & Caribbean (excluding high income),Upper middle income,52%,,,50%,91%,17%,,13%,56%,48%,48%,65%
Comoros,COM,2011,406616,Sub-Saharan Africa (excluding high income),Lower middle income,,,,,,,,,18%,11%,13%,32%
Comoros,COM,2022,530280,Sub-Saharan Africa (excluding high income),Lower middle income,20%,,,26%,87%,5%,,14%,29%,27%,30%,42%
"Congo, Dem. Rep.",COD,2011,34773700,Sub-Saharan Africa (excluding high income),Low income,,,,,,,,,3%,1%,1%,6%
"Congo, Dem. Rep.",COD,2014,38256796,Sub-Saharan Africa (excluding high income),Low income,15%,,,62%,,4%,34%,,14%,11%,8%,23%
"Congo, Dem. Rep.",COD,2017,42273480,Sub-Saharan Africa (excluding high income),Low income,22%,17%,,47%,,5%,,,24%,17%,18%,30%
"Congo, Dem. Rep.",COD,2022,48546588,Sub-Saharan Africa (excluding high income),Low income,26%,,,,89%,4%,,13%,20%,18%,12%,37%
"Congo, Rep.",COG,2011,2494380,Sub-Saharan Africa (excluding high income),Lower middle income,,,,,,,,,8%,4%,5%,13%
"Congo, Rep.",COG,2014,2676765,Sub-Saharan Africa (excluding high income),Lower middle income,9%,,,70%,,5%,19%,,15%,7%,11%,23%
"Congo, Rep.",COG,2017,2885210,Sub-Saharan Africa (excluding high income),Lower middle income,18%,6%,,31%,,4%,,,21%,18%,16%,34%
"Congo, Rep.",COG,2021,3240761,Sub-Saharan Africa (excluding high income),Lower middle income,44%,,16%,34%,78%,4%,,20%,44%,33%,31%,58%
Costa Rica,CRI,2011,3464722,Latin America & Caribbean (excluding high income),Upper middle income,,,,,,,,,41%,35%,36%,59%
Costa Rica,CRI,2014,3655052,Latin America & Caribbean (excluding high income),Upper middle income,53%,,,76%,,19%,26%,,60%,57%,49%,73%
Costa Rica,CRI,2017,3828801,Latin America & Caribbean (excluding high income),Upper middle income,59%,18%,,65%,,22%,,,61%,58%,57%,73%
Costa Rica,CRI,2021,4033111,Latin America & Caribbean (excluding high income),Upper middle income,59%,,,64%,86%,21%,,22%,61%,57%,52%,80%
Cote d'Ivoire,CIV,2014,12584810,Sub-Saharan Africa (excluding high income),Lower middle income,30%,,,70%,,3%,18%,,29%,24%,30%,48%
Cote d'Ivoire,CIV,2017,13726381,Sub-Saharan Africa (excluding high income),Lower middle income,38%,33%,,55%,,6%,,,36%,34%,35%,60%
Cote d'Ivoire,CIV,2021,15429056,Sub-Saharan Africa (excluding high income),Lower middle income,48%,,16%,40%,87%,7%,,20%,37%,44%,44%,69%
Croatia,HRV,2011,3632101,High income,High income,,,,,,,,,87%,81%,70%,92%
Croatia,HRV,2014,3619719,High income,High income,76%,,,93%,,43%,22%,,88%,79%,65%,94%
Croatia,HRV,2017,3571928,High income,High income,83%,33%,,86%,,40%,,,83%,81%,62%,96%
Croatia,HRV,2021,3458674,High income,High income,87%,,,88%,78%,49%,,25%,90%,84%,80%,97%
Cyprus,CYP,2011,914164,High income,High income,,,,,,,,,83%,78%,69%,92%
Cyprus,CYP,2014,947093,High income,High income,74%,,,81%,,26%,,,90%,88%,86%,92%
Cyprus,CYP,2017,972746,High income,High income,80%,33%,,80%,,33%,,,90%,84%,81%,91%
Cyprus,CYP,2021,1007215,High income,High income,87%,,,74%,92%,43%,,28%,93%,91%,88%,94%
Czech Republic,CZE,2011,8982700,High income,High income,,,,,,,,,81%,74%,49%,90%
Czech Republic,CZE,2014,8969054,High income,High income,80%,,,90%,,45%,17%,,79%,77%,50%,89%
Czech Republic,CZE,2017,8959594,High income,High income,80%,53%,,96%,,50%,,,79%,71%,37%,91%
Czech Republic,CZE,2021,9013226,High income,High income,94%,,,94%,96%,53%,,60%,93%,95%,86%,96%
Denmark,DNK,2011,4551890,High income,High income,,,,,,,,,99%,100%,100%,100%
Denmark,DNK,2014,4644400,High income,High income,100%,,,98%,,64%,,,100%,100%,100%,100%
Denmark,DNK,2017,4777317,High income,High income,99%,83%,,95%,,60%,,,100%,100%,100%,100%
Denmark,DNK,2021,4881950,High income,High income,100%,,,97%,98%,67%,,67%,100%,100%,100%,100%
Djibouti,DJI,2011,566594,Middle East & North Africa (excluding high income),Lower middle income,,,,,,,,,9%,,6%,22%
Dominican Republic,DOM,2011,6727407,Latin America & Caribbean (excluding high income),Upper middle income,,,,,,,,,37%,22%,25%,62%
Dominican Republic,DOM,2014,7086779,Latin America & Caribbean (excluding high income),Upper middle income,38%,,,65%,,18%,24%,,56%,41%,41%,73%
Dominican Republic,DOM,2017,7430891,Latin America & Caribbean (excluding high income),Upper middle income,44%,8%,,62%,,19%,,,54%,42%,43%,73%
Dominican Republic,DOM,2021,7871311,Latin America & Caribbean (excluding high income),Upper middle income,39%,,1%,53%,87%,15%,,13%,49%,39%,39%,65%
Ecuador,ECU,2011,10352074,Latin America & Caribbean (excluding high income),Upper middle income,,,,,,,,,33%,23%,23%,41%
Ecuador,ECU,2014,11024669,Latin America & Caribbean (excluding high income),Upper middle income,25%,,,83%,,12%,23%,,41%,31%,30%,51%
Ecuador,ECU,2017,11757024,Latin America & Caribbean (excluding high income),Upper middle income,32%,5%,,58%,,13%,,,43%,33%,41%,55%
Ecuador,ECU,2021,12810286,Latin America & Caribbean (excluding high income),Upper middle income,47%,,,53%,91%,12%,,13%,58%,59%,60%,67%
"Egypt, Arab Rep.",EGY,2011,55817356,Middle East & North Africa (excluding high income),Lower middle income,,,,,,,,,7%,5%,5%,13%
"Egypt, Arab Rep.",EGY,2014,59284840,Middle East & North Africa (excluding high income),Lower middle income,8%,,,59%,,3%,26%,,9%,5%,8%,19%
"Egypt, Arab Rep.",EGY,2017,62669924,Middle East & North Africa (excluding high income),Lower middle income,23%,2%,,59%,,10%,,,27%,20%,32%,33%
"Egypt, Arab Rep.",EGY,2021,67621520,Middle East & North Africa (excluding high income),Lower middle income,20%,,0%,55%,89%,6%,,4%,24%,20%,25%,30%
El Salvador,SLV,2011,4227256,Latin America & Caribbean (excluding high income),Lower middle income,,,,,,,,,10%,5%,6%,23%
El Salvador,SLV,2014,4415028,Latin America & Caribbean (excluding high income),Lower middle income,31%,,,58%,,15%,26%,,32%,22%,25%,52%
El Salvador,SLV,2017,4585851,Latin America & Caribbean (excluding high income),Lower middle income,24%,6%,,56%,,11%,,,24%,19%,20%,40%
El Salvador,SLV,2021,4761482,Latin America & Caribbean (excluding high income),Lower middle income,28%,,0%,43%,77%,8%,,8%,29%,23%,28%,51%
Estonia,EST,2011,1129981,High income,High income,,,,,,,,,97%,94%,88%,99%
Estonia,EST,2014,1110955,High income,High income,96%,,,97%,,59%,8%,,97%,97%,92%,100%
Estonia,EST,2017,1103544,High income,High income,97%,69%,,93%,,62%,,,98%,96%,94%,99%
Estonia,EST,2021,1111457,High income,High income,99%,,,96%,93%,70%,,62%,100%,99%,98%,100%
Eswatini,SWZ,2011,636901,Sub-Saharan Africa (excluding high income),Lower middle income,,,,,,,,,27%,16%,11%,38%
Eswatini,SWZ,2022,725765,Sub-Saharan Africa (excluding high income),Lower middle income,65%,,,60%,74%,19%,,33%,69%,61%,56%,74%
Ethiopia,ETH,2014,54083080,Sub-Saharan Africa (excluding high income),Low income,6%,,,55%,,,11%,,21%,15%,19%,37%
Ethiopia,ETH,2017,60379288,Sub-Saharan Africa (excluding high income),Low income,12%,0%,,76%,,3%,,,29%,22%,30%,65%
Ethiopia,ETH,2022,69072840,Sub-Saharan Africa (excluding high income),Low income,20%,,,45%,87%,5%,,23%,39%,35%,39%,80%
Finland,FIN,2011,4477188,High income,High income,,,,,,,,,100%,100%,99%,100%
Finland,FIN,2014,4544718,High income,High income,99%,,,90%,,58%,,,100%,100%,100%,100%
Finland,FIN,2017,4597708,High income,High income,98%,80%,,94%,,60%,,,100%,99%,99%,100%
Finland,FIN,2021,4653264,High income,High income,98%,,,93%,98%,63%,,62%,99%,99%,98%,100%
France,FRA,2011,53011824,High income,High income,,,,,,,,,97%,96%,98%,97%
France,FRA,2014,53809876,High income,High income,93%,,,81%,,48%,,,95%,94%,83%,97%
France,FRA,2017,54549936,High income,High income,92%,49%,,82%,,51%,,,91%,93%,80%,97%
France,FRA,2021,55494504,High income,High income,98%,,,85%,92%,37%,,54%,100%,98%,96%,100%
Gabon,GAB,2011,1016177,Sub-Saharan Africa (excluding high income),Upper middle income,,,,,,,,,17%,9%,9%,32%
Gabon,GAB,2014,1151913,Sub-Saharan Africa (excluding high income),Upper middle income,23%,,,73%,,10%,27%,,31%,18%,22%,45%
Gabon,GAB,2017,1273226,Sub-Saharan Africa (excluding high income),Upper middle income,54%,44%,,55%,,13%,,,54%,50%,46%,72%
Gabon,GAB,2021,1396335,Sub-Saharan Africa (excluding high income),Upper middle income,66%,,,51%,91%,17%,,27%,61%,59%,53%,76%
"Gambia, The",GMB,2017,1193771,Sub-Saharan Africa (excluding high income),Low income,19%,3%,,46%,,6%,,,25%,21%,22%,42%
"Gambia, The",GMB,2022,1354540,Sub-Saharan Africa (excluding high income),Low income,22%,,,49%,88%,7%,,17%,28%,29%,25%,47%
Georgia,GEO,2011,3106794,Europe & Central Asia (excluding high income),Upper middle income,,,,,,,,,35%,22%,20%,36%
Georgia,GEO,2014,3031778,Europe & Central Asia (excluding high income),Upper middle income,24%,,,89%,,15%,11%,,40%,28%,35%,41%
Georgia,GEO,2017,3009940,Europe & Central Asia (excluding high income),Upper middle income,53%,9%,,68%,,18%,,,64%,46%,34%,65%
Georgia,GEO,2021,2963014,Europe & Central Asia (excluding high income),Upper middle income,62%,,1%,67%,83%,21%,,9%,71%,62%,42%,75%
Germany,DEU,2011,70681120,High income,High income,,,,,,,,,99%,98%,97%,99%
Germany,DEU,2014,69894680,High income,High income,96%,,,84%,,47%,,,99%,97%,98%,99%
Germany,DEU,2017,71383696,High income,High income,98%,61%,,86%,,58%,,,99%,98%,100%,99%
Germany,DEU,2021,71623816,High income,High income,99%,,,83%,88%,49%,,57%,100%,100%,100%,100%
Ghana,GHA,2011,15044580,Sub-Saharan Africa (excluding high income),Lower middle income,,,,,,,,,27%,18%,16%,51%
Ghana,GHA,2014,16324149,Sub-Saharan Africa (excluding high income),Lower middle income,26%,,,65%,,6%,34%,,39%,34%,25%,54%
Ghana,GHA,2017,17652342,Sub-Saharan Africa (excluding high income),Lower middle income,49%,35%,,50%,,13%,,,54%,48%,49%,68%
Ghana,GHA,2021,19535202,Sub-Saharan Africa (excluding high income),Lower middle income,66%,,26%,69%,81%,13%,,46%,63%,55%,52%,81%
Greece,GRC,2011,9447028,High income,High income,,,,,,,,,76%,70%,77%,78%
Greece,GRC,2014,9340478,High income,High income,61%,,,81%,,22%,16%,,87%,82%,90%,87%
Greece,GRC,2017,9229051,High income,High income,74%,18%,,79%,,31%,,,85%,82%,87%,85%
Greece,GRC,2021,9252242,High income,High income,91%,,,90%,95%,38%,,26%,93%,92%,92%,95%
Guatemala,GTM,2011,8646218,Latin America & Caribbean (excluding high income),Upper middle income,,,,,,,,,16%,12%,13%,34%
Guatemala,GTM,2014,9406695,Latin America & Caribbean (excluding high income),Upper middle income,29%,,,52%,,10%,29%,,35%,29%,26%,53%
Guatemala,GTM,2017,10183554,Latin America & Caribbean (excluding high income),Upper middle income,33%,4%,,48%,,7%,,,42%,30%,33%,56%
Guatemala,GTM,2022,11237355,Latin America & Caribbean (excluding high income),Upper middle income,26%,,,50%,78%,6%,,10%,34%,34%,29%,46%
Guinea,GIN,2011,5485941,Sub-Saharan Africa (excluding high income),Low income,,,,,,,,,3%,2%,2%,15%
Guinea,GIN,2014,5932228,Sub-Saharan Africa (excluding high income),Low income,6%,,,,,2%,18%,,4%,2%,3%,24%
Guinea,GIN,2017,6497888,Sub-Saharan Africa (excluding high income),Low income,20%,11%,,30%,,5%,,,20%,20%,17%,47%
Guinea,GIN,2021,7479263,Sub-Saharan Africa (excluding high income),Low income,28%,,5%,31%,83%,5%,,13%,24%,24%,22%,56%
Haiti,HTI,2011,6340959,Latin America & Caribbean (excluding high income),Lower middle income,,,,,,,,,21%,,8%,29%
Haiti,HTI,2014,6745282,Latin America & Caribbean (excluding high income),Lower middle income,13%,,,32%,,,24%,,16%,13%,11%,23%
Haiti,HTI,2017,7154106,Latin America & Caribbean (excluding high income),Lower middle income,28%,15%,,31%,,,,,30%,18%,17%,42%
Honduras,HND,2011,5191675,Latin America & Caribbean (excluding high income),Lower middle income,,,,,,,,,15%,8%,11%,33%
Honduras,HND,2014,5694820,Latin America & Caribbean (excluding high income),Lower middle income,23%,,,58%,,6%,22%,,27%,21%,21%,45%
Honduras,HND,2017,6211392,Latin America & Caribbean (excluding high income),Lower middle income,37%,8%,,45%,,10%,,,41%,33%,37%,56%
Honduras,HND,2021,6874969,Latin America & Caribbean (excluding high income),Lower middle income,32%,,1%,39%,78%,9%,,11%,29%,27%,32%,50%
"Hong Kong SAR, China",HKG,2011,6186301,High income,High income,,,,,,,,,89%,,79%,92%
"Hong Kong SAR, China",HKG,2014,6380608,High income,High income,85%,,,85%,,43%,,,96%,94%,93%,97%
"Hong Kong SAR, China",HKG,2017,6515074,High income,High income,85%,43%,,89%,,49%,,,95%,92%,87%,97%
"Hong Kong SAR, China",HKG,2021,6533674,High income,High income,93%,,,91%,96%,56%,,59%,98%,96%,96%,98%
Hungary,HUN,2011,8514030,High income,High income,,,,,,,,,73%,68%,46%,84%
Hungary,HUN,2014,8456143,High income,High income,67%,,,84%,,36%,8%,,72%,67%,45%,84%
Hungary,HUN,2017,8403648,High income,High income,71%,29%,,89%,,42%,,,72%,68%,56%,83%
Hungary,HUN,2021,8344953,High income,High income,86%,,,86%,91%,51%,,32%,87%,81%,72%,93%
Iceland,ISL,2017,267867,High income,High income,,,,,,,,,,,,
Iceland,ISL,2021,295250,High income,High income,100%,,,98%,96%,76%,,76%,100%,100%,100%,100%
India,IND,2011,853995904,South Asia,Lower middle income,,,,,,,,,26%,27%,31%,59%
India,IND,2014,903921920,South Asia,Lower middle income,22%,,,47%,,4%,22%,,43%,44%,43%,64%
India,IND,2017,954547392,South Asia,Lower middle income,29%,5%,,42%,,6%,,,77%,77%,75%,85%
India,IND,2021,1018986816,South Asia,Lower middle income,35%,,2%,29%,83%,8%,,14%,78%,78%,76%,81%
Indonesia,IDN,2011,172118016,East Asia & Pacific (excluding high income),Lower middle income,,,,,,,,,19%,11%,10%,29%
Indonesia,IDN,2014,181204480,East Asia & Pacific (excluding high income),Lower middle income,23%,,,79%,,7%,35%,,37%,22%,16%,54%
Indonesia,IDN,2017,190327568,East Asia & Pacific (excluding high income),Lower middle income,35%,8%,,44%,,9%,,,51%,37%,34%,63%
Indonesia,IDN,2021,202582512,East Asia & Pacific (excluding high income),Lower middle income,37%,,2%,43%,92%,8%,,20%,52%,47%,40%,62%
"Iran, Islamic Rep.",IRN,2011,56026860,Middle East & North Africa (excluding high income),Lower middle income,,,,,,,,,62%,68%,65%,79%
"Iran, Islamic Rep.",IRN,2014,58369548,Middle East & North Africa (excluding high income),Lower middle income,87%,,,58%,,17%,34%,,87%,90%,91%,93%
"Iran, Islamic Rep.",IRN,2017,60442496,Middle East & North Africa (excluding high income),Lower middle income,90%,45%,,67%,,20%,,,92%,93%,90%,95%
"Iran, Islamic Rep.",IRN,2021,63209152,Middle East & North Africa (excluding high income),Lower middle income,84%,,,78%,96%,20%,,24%,85%,87%,84%,93%
Iraq,IRQ,2011,17307938,Middle East & North Africa (excluding high income),Upper middle income,,,,,,,,,8%,7%,8%,14%
Iraq,IRQ,2014,19793064,Middle East & North Africa (excluding high income),Upper middle income,4%,,,25%,,,14%,,7%,8%,9%,13%
Iraq,IRQ,2017,22295418,Middle East & North Africa (excluding high income),Upper middle income,19%,6%,,11%,,3%,,,20%,19%,19%,28%
Iraq,IRQ,2021,25053090,Middle East & North Africa (excluding high income),Upper middle income,14%,,1%,15%,90%,3%,,2%,15%,14%,15%,23%
Ireland,IRL,2011,3612291,High income,High income,,,,,,,,,92%,93%,83%,96%
Ireland,IRL,2014,3628378,High income,High income,90%,,,92%,,38%,,,95%,92%,71%,97%
Ireland,IRL,2017,3720797,High income,High income,94%,42%,,88%,,40%,,,95%,93%,84%,96%
Ireland,IRL,2021,3954210,High income,High income,98%,,,88%,94%,45%,,63%,100%,99%,100%,100%
Israel,ISR,2011,5545143,High income,High income,,,,,,,,,92%,84%,91%,91%
Israel,ISR,2014,5829447,High income,High income,87%,,,94%,,53%,23%,,90%,85%,84%,90%
Israel,ISR,2017,6159242,High income,High income,91%,47%,,96%,,60%,,,94%,86%,88%,93%
Israel,ISR,2021,6651978,High income,High income,91%,,,84%,87%,49%,,59%,92%,89%,63%,94%
Italy,ITA,2011,50931872,High income,High income,,,,,,,,,64%,62%,64%,83%
Italy,ITA,2014,51836484,High income,High income,73%,,,76%,,32%,,,83%,83%,79%,95%
Italy,ITA,2017,52379332,High income,High income,90%,22%,,84%,,40%,,,92%,91%,92%,96%
Italy,ITA,2021,51819568,High income,High income,96%,,,76%,89%,32%,,49%,97%,95%,97%,97%
Jamaica,JAM,2011,2051247,Latin America & Caribbean (excluding high income),Upper middle income,,,,,,,,,67%,62%,60%,79%
Jamaica,JAM,2014,2131392,Latin America & Caribbean (excluding high income),Upper middle income,47%,,,65%,,13%,35%,,78%,69%,70%,81%
Jamaica,JAM,2021,2269489,Latin America & Caribbean (excluding high income),Upper middle income,50%,,1%,60%,78%,17%,,25%,72%,68%,60%,83%
Japan,JPN,2011,110966528,High income,High income,,,,,,,,,97%,95%,90%,99%
Japan,JPN,2014,110665704,High income,High income,89%,,,92%,,43%,,,97%,97%,84%,100%
Japan,JPN,2017,110593984,High income,High income,95%,33%,,89%,,51%,,,98%,98%,91%,99%
Japan,JPN,2021,110171256,High income,High income,96%,,,94%,95%,58%,,64%,99%,98%,94%,99%
Jordan,JOR,2011,4540092,Middle East & North Africa (excluding high income),Upper middle income,,,,,,,,,17%,13%,16%,28%
Jordan,JOR,2014,5381565,Middle East & North Africa (excluding high income),Upper middle income,13%,,,65%,,8%,12%,,16%,16%,18%,27%
Jordan,JOR,2017,6166153,Middle East & North Africa (excluding high income),Upper middle income,33%,4%,,67%,,11%,,,27%,33%,37%,45%
Jordan,JOR,2021,6851016,Middle East & North Africa (excluding high income),Upper middle income,36%,,,50%,79%,11%,,4%,34%,37%,39%,50%
Kazakhstan,KAZ,2011,12395648,Europe & Central Asia (excluding high income),Upper middle income,,,,,,,,,44%,34%,20%,46%
Kazakhstan,KAZ,2014,12706725,Europe & Central Asia (excluding high income),Upper middle income,47%,,,60%,,30%,14%,,56%,45%,28%,58%
Kazakhstan,KAZ,2017,12934943,Europe & Central Asia (excluding high income),Upper middle income,54%,18%,,70%,,28%,,,60%,49%,30%,64%
Kazakhstan,KAZ,2021,13288614,Europe & Central Asia (excluding high income),Upper middle income,78%,,,68%,76%,33%,,19%,84%,82%,62%,84%
Kenya,KEN,2011,23771988,Sub-Saharan Africa (excluding high income),Lower middle income,,,,,,,,,39%,19%,19%,63%
Kenya,KEN,2014,26216914,Sub-Saharan Africa (excluding high income),Lower middle income,69%,,,66%,,18%,51%,,71%,63%,64%,86%
Kenya,KEN,2017,28988498,Sub-Saharan Africa (excluding high income),Lower middle income,79%,72%,,68%,,24%,,,78%,70%,67%,92%
Kenya,KEN,2021,33021168,Sub-Saharan Africa (excluding high income),Lower middle income,78%,,33%,50%,94%,23%,,45%,75%,67%,61%,88%
"Korea, Rep.",KOR,2011,41575108,High income,High income,,,,,,,,,93%,90%,91%,93%
"Korea, Rep.",KOR,2014,43049988,High income,High income,88%,,,85%,,38%,,,93%,94%,91%,95%
"Korea, Rep.",KOR,2017,44304460,High income,High income,92%,67%,,94%,,49%,,,95%,92%,83%,97%
"Korea, Rep.",KOR,2021,45285840,High income,High income,98%,,,93%,92%,60%,,59%,99%,97%,96%,99%
Kosovo,XKX,2011,1348274,Europe & Central Asia (excluding high income),Upper middle income,,,,,,,,,31%,30%,26%,57%
Kosovo,XKX,2014,1380496,Europe & Central Asia (excluding high income),Upper middle income,31%,,,49%,,13%,17%,,36%,40%,36%,63%
Kosovo,XKX,2017,1349699,Europe & Central Asia (excluding high income),Upper middle income,39%,5%,,62%,,11%,,,44%,44%,42%,65%
Kosovo,XKX,2021,1348045,Europe & Central Asia (excluding high income),Upper middle income,48%,,,57%,97%,17%,,10%,47%,52%,47%,73%
Kuwait,KWT,2011,2297257,High income,High income,,,,,,,,,80%,84%,98%,86%
Kuwait,KWT,2014,2748621,High income,High income,64%,,,72%,,28%,,,64%,64%,48%,76%
Kuwait,KWT,2017,3114164,High income,High income,75%,24%,,89%,,50%,,,73%,71%,28%,82%
Kyrgyz Republic,KGZ,2011,3819145,Europe & Central Asia (excluding high income),Lower middle income,,,,,,,,,4%,1%,0%,5%
Kyrgyz Republic,KGZ,2014,3961907,Europe & Central Asia (excluding high income),Lower middle income,15%,,,29%,,5%,28%,,19%,12%,5%,22%
Kyrgyz Republic,KGZ,2017,4138999,Europe & Central Asia (excluding high income),Lower middle income,36%,6%,,35%,,12%,,,39%,36%,24%,44%
Kyrgyz Republic,KGZ,2021,4439519,Europe & Central Asia (excluding high income),Lower middle income,39%,,1%,53%,87%,13%,,7%,44%,44%,29%,49%
Lao PDR,LAO,2011,3972474,East Asia & Pacific (excluding high income),Lower middle income,,,,,,,,,26%,21%,22%,35%
Lao PDR,LAO,2017,4572636,East Asia & Pacific (excluding high income),Lower middle income,13%,2%,,58%,,5%,,,32%,17%,22%,42%
Lao PDR,LAO,2021,4951218,East Asia & Pacific (excluding high income),Lower middle income,21%,,1%,49%,78%,7%,,17%,38%,23%,29%,58%
Latvia,LVA,2011,1802026,High income,High income,,,,,,,,,92%,85%,74%,94%
Latvia,LVA,2014,1719705,High income,High income,87%,,,97%,,54%,9%,,90%,87%,74%,95%
Latvia,LVA,2017,1661127,High income,High income,91%,56%,,93%,,55%,,,93%,89%,79%,97%
Latvia,LVA,2021,1589084,High income,High income,95%,,,86%,90%,54%,,43%,98%,94%,91%,98%
Lebanon,LBN,2011,3674359,Middle East & North Africa (excluding high income),Upper middle income,,,,,,,,,26%,18%,23%,45%
Lebanon,LBN,2014,4337588,Middle East & North Africa (excluding high income),Upper middle income,33%,,,86%,,19%,24%,,33%,28%,33%,55%
Lebanon,LBN,2017,4901869,Middle East & North Africa (excluding high income),Upper middle income,33%,5%,,82%,,14%,,,33%,30%,31%,51%
Lebanon,LBN,2021,5114386,Middle East & North Africa (excluding high income),Upper middle income,14%,,,39%,90%,6%,,3%,17%,13%,16%,23%
Lesotho,LSO,2011,1299374,Sub-Saharan Africa (excluding high income),Lower middle income,,,,,,,,,17%,7%,11%,34%
Lesotho,LSO,2017,1385606,Sub-Saharan Africa (excluding high income),Lower middle income,38%,26%,,45%,,10%,,,46%,32%,37%,63%
Lesotho,LSO,2022,1451632,Sub-Saharan Africa (excluding high income),Lower middle income,59%,,,29%,83%,18%,,31%,62%,59%,55%,77%
Liberia,LBR,2011,2216740,Sub-Saharan Africa (excluding high income),Low income,,,,,,,,,15%,,10%,31%
Liberia,LBR,2017,2669364,Sub-Saharan Africa (excluding high income),Low income,28%,21%,,51%,,6%,,,28%,27%,25%,59%
Liberia,LBR,2021,3015781,Sub-Saharan Africa (excluding high income),Low income,46%,,12%,36%,95%,6%,,22%,44%,42%,43%,71%
Libya,LBY,2017,4627305,Middle East & North Africa (excluding high income),Upper middle income,32%,8%,,47%,,13%,,,60%,58%,41%,69%
Lithuania,LTU,2011,2639956,High income,High income,,,,,,,,,76%,69%,47%,78%
Lithuania,LTU,2014,2527557,High income,High income,73%,,,90%,,44%,6%,,78%,69%,40%,89%
Lithuania,LTU,2017,2448268,High income,High income,78%,43%,,85%,,47%,,,81%,78%,61%,87%
Lithuania,LTU,2021,2362138,High income,High income,91%,,,78%,75%,35%,,47%,90%,91%,74%,96%
Luxembourg,LUX,2011,417506,High income,High income,,,,,,,,,95%,92%,89%,96%
Luxembourg,LUX,2014,451538,High income,High income,93%,,,88%,,50%,,,97%,95%,99%,96%
Luxembourg,LUX,2017,487498,High income,High income,98%,57%,,89%,,59%,,,98%,98%,96%,99%
Madagascar,MDG,2011,11945976,Sub-Saharan Africa (excluding high income),Low income,,,,,,,,,5%,2%,2%,16%
Madagascar,MDG,2014,13219350,Sub-Saharan Africa (excluding high income),Low income,5%,,,,,1%,25%,,8%,5%,5%,28%
Madagascar,MDG,2017,14614332,Sub-Saharan Africa (excluding high income),Low income,15%,11%,,,,4%,,,16%,12%,14%,39%
Madagascar,MDG,2022,16597294,Sub-Saharan Africa (excluding high income),Low income,24%,,,27%,89%,5%,,12%,25%,15%,20%,45%
Malawi,MWI,2011,7800292,Sub-Saharan Africa (excluding high income),Low income,,,,,,,,,17%,11%,12%,36%
Malawi,MWI,2014,8594977,Sub-Saharan Africa (excluding high income),Low income,11%,,,56%,,2%,10%,,14%,9%,12%,37%
Malawi,MWI,2017,9517337,Sub-Saharan Africa (excluding high income),Low income,28%,20%,,42%,,7%,,,30%,21%,25%,55%
Malawi,MWI,2021,10905594,Sub-Saharan Africa (excluding high income),Low income,40%,,14%,33%,95%,8%,,21%,38%,33%,33%,71%
Malaysia,MYS,2011,20320748,East Asia & Pacific (excluding high income),Upper middle income,,,,,,,,,63%,48%,40%,74%
Malaysia,MYS,2014,21767478,East Asia & Pacific (excluding high income),Upper middle income,63%,,,69%,,31%,37%,,78%,75%,59%,84%
Malaysia,MYS,2017,23100548,East Asia & Pacific (excluding high income),Upper middle income,70%,33%,,65%,,28%,,,82%,81%,70%,88%
Malaysia,MYS,2021,24776780,East Asia & Pacific (excluding high income),Upper middle income,79%,,6%,77%,88%,39%,,49%,88%,83%,72%,93%
Maldives,MDV,2017,376857,South Asia,Upper middle income,68%,38%,,83%,,35%,,,74%,71%,72%,83%
Mali,MLI,2011,7902592,Sub-Saharan Africa (excluding high income),Low income,,,,,,,,,7%,3%,6%,20%
Mali,MLI,2014,8562565,Sub-Saharan Africa (excluding high income),Low income,15%,,,51%,,,9%,,15%,15%,17%,35%
Mali,MLI,2017,9368170,Sub-Saharan Africa (excluding high income),Low income,31%,24%,,44%,,6%,,,26%,31%,28%,59%
Mali,MLI,2021,10731464,Sub-Saharan Africa (excluding high income),Low income,38%,,9%,37%,83%,11%,,19%,41%,38%,39%,65%
Malta,MLT,2011,352368,High income,High income,,,,,,,,,94%,95%,92%,96%
Malta,MLT,2014,364576,High income,High income,79%,,,77%,,30%,,,96%,95%,91%,97%
Malta,MLT,2017,390660,High income,High income,89%,43%,,84%,,46%,,,97%,95%,98%,97%
Malta,MLT,2021,449781,High income,High income,91%,,,80%,96%,49%,,46%,95%,93%,93%,97%
Mauritania,MRT,2011,2052957,Sub-Saharan Africa (excluding high income),Lower middle income,,,,,,,,,12%,,11%,32%
Mauritania,MRT,2014,2258450,Sub-Saharan Africa (excluding high income),Lower middle income,19%,,,61%,,11%,19%,,21%,,18%,32%
Mauritania,MRT,2017,2481072,Sub-Saharan Africa (excluding high income),Lower middle income,16%,3%,,58%,,7%,,,15%,,14%,32%
Mauritania,MRT,2022,2804438,Sub-Saharan Africa (excluding high income),Lower middle income,20%,,,37%,81%,6%,,10%,16%,23%,17%,41%
Mauritius,MUS,2011,976001,Sub-Saharan Africa (excluding high income),Upper middle income,,,,,,,,,75%,69%,74%,86%
Mauritius,MUS,2014,1002667,Sub-Saharan Africa (excluding high income),Upper middle income,53%,,,78%,,30%,28%,,80%,72%,76%,87%
Mauritius,MUS,2017,1024655,Sub-Saharan Africa (excluding high income),Upper middle income,69%,15%,,70%,,34%,,,87%,86%,88%,91%
Mauritius,MUS,2021,1053289,Sub-Saharan Africa (excluding high income),Upper middle income,80%,,,84%,86%,41%,,29%,89%,91%,85%,94%
Mexico,MEX,2011,80426768,Latin America & Caribbean (excluding high income),Upper middle income,,,,,,,,,22%,13%,13%,38%
Mexico,MEX,2014,85133776,Latin America & Caribbean (excluding high income),Upper middle income,35%,,,54%,,17%,29%,,39%,29%,30%,46%
Mexico,MEX,2017,89657336,Latin America & Caribbean (excluding high income),Upper middle income,32%,7%,,45%,,13%,,,33%,26%,24%,44%
Mexico,MEX,2022,95622632,Latin America & Caribbean (excluding high income),Upper middle income,44%,,,65%,88%,16%,,14%,42%,32%,32%,56%
Moldova,MDA,2011,2388874,Europe & Central Asia (excluding high income),Upper middle income,,,,,,,,,17%,10%,4%,22%
Moldova,MDA,2014,2403583,Europe & Central Asia (excluding high income),Upper middle income,15%,,,82%,,11%,17%,,19%,11%,2%,22%
Moldova,MDA,2017,2359836,Europe & Central Asia (excluding high income),Upper middle income,40%,10%,,44%,,24%,,,45%,32%,22%,48%
Moldova,MDA,2021,2201892,Europe & Central Asia (excluding high income),Upper middle income,60%,,,71%,85%,38%,,8%,63%,54%,40%,67%
Mongolia,MNG,2011,1984934,East Asia & Pacific (excluding high income),Lower middle income,,,,,,,,,82%,71%,54%,86%
Mongolia,MNG,2014,2077022,East Asia & Pacific (excluding high income),Lower middle income,72%,,,69%,,26%,18%,,93%,89%,78%,97%
Mongolia,MNG,2017,2156769,East Asia & Pacific (excluding high income),Lower middle income,85%,38%,,84%,,32%,,,95%,91%,85%,96%
Mongolia,MNG,2021,2258975,East Asia & Pacific (excluding high income),Lower middle income,97%,,2%,86%,96%,49%,,29%,99%,98%,97%,99%
Montenegro,MNE,2011,500228,Europe & Central Asia (excluding high income),Upper middle income,,,,,,,,,49%,42%,29%,61%
Montenegro,MNE,2014,504460,Europe & Central Asia (excluding high income),Upper middle income,44%,,,85%,,26%,15%,,58%,46%,35%,70%
Montenegro,MNE,2017,508215,Europe & Central Asia (excluding high income),Upper middle income,60%,10%,,77%,,31%,,,68%,60%,43%,78%
Morocco,MAR,2017,25416284,Middle East & North Africa (excluding high income),Lower middle income,17%,1%,,69%,,6%,,,17%,19%,23%,44%
Morocco,MAR,2021,27030342,Middle East & North Africa (excluding high income),Lower middle income,30%,,,53%,82%,9%,,8%,33%,34%,37%,58%
Mozambique,MOZ,2017,15246946,Sub-Saharan Africa (excluding high income),Low income,34%,22%,,46%,,10%,,,33%,27%,35%,75%
Mozambique,MOZ,2021,17483418,Sub-Saharan Africa (excluding high income),Low income,42%,,10%,38%,67%,11%,,17%,39%,34%,39%,84%
Myanmar,MMR,2014,36936764,East Asia & Pacific (excluding high income),Lower middle income,4%,,,54%,,0%,18%,,17%,19%,21%,26%
Myanmar,MMR,2017,38548036,East Asia & Pacific (excluding high income),Lower middle income,8%,1%,,39%,,2%,,,26%,23%,24%,30%
Myanmar,MMR,2021,40543136,East Asia & Pacific (excluding high income),Lower middle income,40%,,,41%,95%,10%,,13%,46%,33%,26%,68%
Namibia,NAM,2014,1406539,Sub-Saharan Africa (excluding high income),Upper middle income,45%,,,74%,,18%,37%,,57%,41%,43%,72%
Namibia,NAM,2017,1488588,Sub-Saharan Africa (excluding high income),Upper middle income,71%,46%,,73%,,32%,,,81%,70%,73%,85%
Namibia,NAM,2021,1604811,Sub-Saharan Africa (excluding high income),Upper middle income,66%,,8%,64%,90%,26%,,36%,69%,56%,61%,78%
Nepal,NPL,2011,17210382,South Asia,Lower middle income,,,,,,,,,21%,14%,19%,42%
Nepal,NPL,2014,17600772,South Asia,Lower middle income,10%,,,71%,,2%,37%,,31%,24%,30%,52%
Nepal,NPL,2017,18451166,South Asia,Lower middle income,16%,4%,,54%,,4%,,,42%,38%,42%,59%
Nepal,NPL,2021,20742576,South Asia,Lower middle income,29%,,2%,45%,93%,5%,,17%,50%,45%,51%,63%
Netherlands,NLD,2011,13704004,High income,High income,,,,,,,,,98%,100%,96%,99%
Netherlands,NLD,2014,13933986,High income,High income,98%,,,93%,,61%,,,99%,99%,100%,99%
Netherlands,NLD,2017,14207299,High income,High income,98%,76%,,92%,,61%,,,100%,100%,100%,100%
Netherlands,NLD,2021,14702591,High income,High income,99%,,,92%,87%,57%,,66%,99%,99%,100%,100%
New Zealand,NZL,2011,3458916,High income,High income,,,,,,,,,99%,99%,100%,99%
New Zealand,NZL,2014,3542286,High income,High income,98%,,,95%,,59%,,,99%,99%,97%,100%
New Zealand,NZL,2017,3780243,High income,High income,97%,74%,,95%,,59%,,,99%,99%,100%,99%
New Zealand,NZL,2021,4096386,High income,High income,98%,,,97%,97%,64%,,69%,99%,97%,97%,99%
Nicaragua,NIC,2011,3883570,Latin America & Caribbean (excluding high income),Lower middle income,,,,,,,,,13%,5%,6%,19%
Nicaragua,NIC,2014,4122688,Latin America & Caribbean (excluding high income),Lower middle income,14%,,,42%,,8%,25%,,14%,9%,8%,26%
Nicaragua,NIC,2017,4355770,Latin America & Caribbean (excluding high income),Lower middle income,25%,4%,,38%,,11%,,,25%,20%,22%,36%
Nicaragua,NIC,2021,4670267,Latin America & Caribbean (excluding high income),Lower middle income,21%,,1%,45%,81%,5%,,7%,22%,21%,18%,37%
Niger,NER,2011,8226062,Sub-Saharan Africa (excluding high income),Low income,,,,,,,,,1%,0%,1%,13%
Niger,NER,2014,9203302,Sub-Saharan Africa (excluding high income),Low income,6%,,,,,1%,7%,,4%,6%,5%,27%
Niger,NER,2017,10361685,Sub-Saharan Africa (excluding high income),Low income,13%,8%,,,,4%,,,11%,10%,14%,47%
Niger,NER,2022,12182726,Sub-Saharan Africa (excluding high income),Low income,10%,,,,78%,2%,,3%,10%,12%,11%,29%
Nigeria,NGA,2011,88705976,Sub-Saharan Africa (excluding high income),Lower middle income,,,,,,,,,26%,14%,12%,44%
Nigeria,NGA,2014,95816536,Sub-Saharan Africa (excluding high income),Lower middle income,37%,,,75%,,9%,27%,,34%,31%,28%,56%
Nigeria,NGA,2017,103940536,Sub-Saharan Africa (excluding high income),Lower middle income,30%,8%,,78%,,9%,,,27%,25%,16%,59%
Nigeria,NGA,2021,116494408,Sub-Saharan Africa (excluding high income),Lower middle income,34%,,1%,74%,79%,9%,,18%,35%,33%,26%,65%
North Macedonia,MKD,2011,1699961,Europe & Central Asia (excluding high income),Upper middle income,,,,,,,,,72%,69%,64%,83%
North Macedonia,MKD,2014,1720763,Europe & Central Asia (excluding high income),Upper middle income,54%,,,78%,,30%,,,64%,60%,48%,88%
North Macedonia,MKD,2017,1731635,Europe & Central Asia (excluding high income),Upper middle income,66%,12%,,72%,,30%,,,73%,67%,59%,88%
North Macedonia,MKD,2021,1743577,Europe & Central Asia (excluding high income),Upper middle income,74%,,,50%,84%,29%,,15%,80%,78%,73%,92%
Norway,NOR,2014,4150752,High income,High income,99%,,,97%,,67%,,,100%,100%,100%,100%
Norway,NOR,2017,4302680,High income,High income,99%,85%,,98%,,68%,,,100%,99%,99%,100%
Norway,NOR,2021,4451134,High income,High income,99%,,,97%,99%,68%,,81%,100%,99%,98%,100%
Oman,OMN,2011,2260120,High income,High income,,,,,,,,,64%,66%,37%,76%
Pakistan,PAK,2011,111790544,South Asia,Lower middle income,,,,,,,,,3%,5%,4%,24%
Pakistan,PAK,2014,121282024,South Asia,Lower middle income,9%,,,,,1%,22%,,5%,10%,10%,25%
Pakistan,PAK,2017,130938568,South Asia,Lower middle income,18%,8%,,37%,,3%,,,7%,14%,16%,34%
Pakistan,PAK,2021,143978592,South Asia,Lower middle income,18%,,0%,34%,71%,4%,,3%,13%,18%,15%,35%
Panama,PAN,2011,2581549,Latin America & Caribbean (excluding high income),Upper middle income,,,,,,,,,23%,18%,15%,28%
Panama,PAN,2014,2746966,Latin America & Caribbean (excluding high income),Upper middle income,33%,,,59%,,15%,29%,,40%,32%,23%,50%
Panama,PAN,2017,2922771,Latin America & Caribbean (excluding high income),Upper middle income,35%,6%,,54%,,13%,,,42%,33%,38%,49%
Panama,PAN,2021,3171580,Latin America & Caribbean (excluding high income),Upper middle income,36%,,,54%,79%,13%,,15%,43%,32%,31%,52%
Paraguay,PRY,2011,4190207,Latin America & Caribbean (excluding high income),Upper middle income,,,,,,,,,23%,6%,8%,30%
Paraguay,PRY,2017,4742803,Latin America & Caribbean (excluding high income),Upper middle income,45%,28%,,46%,,10%,,,46%,38%,44%,51%
Paraguay,PRY,2021,5071693,Latin America & Caribbean (excluding high income),Upper middle income,51%,,2%,44%,69%,10%,,7%,55%,48%,44%,61%
Peru,PER,2011,20291762,Latin America & Caribbean (excluding high income),Upper middle income,,,,,,,,,18%,5%,7%,24%
Peru,PER,2014,21206514,Latin America & Caribbean (excluding high income),Upper middle income,23%,,,77%,,12%,27%,,22%,16%,12%,33%
Peru,PER,2017,22545070,Latin America & Caribbean (excluding high income),Upper middle income,34%,5%,,59%,,15%,,,34%,27%,31%,45%
Peru,PER,2021,24830392,Latin America & Caribbean (excluding high income),Upper middle income,49%,,2%,59%,91%,17%,,15%,53%,46%,41%,62%
Philippines,PHL,2011,62026176,East Asia & Pacific (excluding high income),Lower middle income,,,,,,,,,34%,10%,12%,33%
Philippines,PHL,2014,66269816,East Asia & Pacific (excluding high income),Lower middle income,21%,,,63%,,6%,41%,,38%,18%,18%,37%
Philippines,PHL,2017,70572632,East Asia & Pacific (excluding high income),Lower middle income,25%,7%,,69%,,11%,,,39%,18%,18%,41%
Philippines,PHL,2021,76659992,East Asia & Pacific (excluding high income),Lower middle income,43%,,,54%,98%,14%,,21%,47%,34%,33%,61%
Poland,POL,2011,32253712,High income,High income,,,,,,,,,68%,62%,35%,81%
Poland,POL,2014,32375908,High income,High income,65%,,,91%,,36%,8%,,73%,71%,51%,84%
Poland,POL,2017,32356144,High income,High income,82%,52%,,94%,,52%,,,88%,84%,66%,90%
Poland,POL,2021,32175560,High income,High income,93%,,,90%,92%,51%,,36%,96%,94%,71%,96%
Portugal,PRT,2011,8990604,High income,High income,,,,,,,,,78%,73%,75%,86%
Portugal,PRT,2014,8947486,High income,High income,75%,,,87%,,31%,,,86%,80%,80%,96%
Portugal,PRT,2017,8892605,High income,High income,86%,28%,,85%,,41%,,,91%,87%,88%,96%
Portugal,PRT,2021,8960280,High income,High income,91%,,,86%,88%,47%,,43%,90%,88%,90%,94%
Puerto Rico,PRI,2014,2892678,High income,High income,64%,,,64%,,19%,11%,,66%,56%,49%,78%
Qatar,QAT,2011,1617101,High income,High income,,,,,,,,,62%,54%,32%,70%
Romania,ROU,2011,17052826,Europe & Central Asia (excluding high income),Upper middle income,,,,,,,,,41%,32%,27%,51%
Romania,ROU,2014,16858358,Europe & Central Asia (excluding high income),Upper middle income,43%,,,73%,,24%,10%,,57%,45%,35%,72%
Romania,ROU,2017,16663391,Europe & Central Asia (excluding high income),Upper middle income,47%,12%,,82%,,27%,,,54%,38%,32%,70%
Romania,ROU,2021,16292802,Europe & Central Asia (excluding high income),Upper middle income,64%,,,68%,78%,32%,,19%,66%,57%,37%,76%
Russian Federation,RUS,2011,121525928,Europe & Central Asia (excluding high income),Upper middle income,,,,,,,,,48%,40%,24%,55%
Russian Federation,RUS,2014,120547064,Europe & Central Asia (excluding high income),Upper middle income,58%,,,72%,,38%,8%,,70%,63%,35%,73%
Russian Federation,RUS,2017,119384296,Europe & Central Asia (excluding high income),Upper middle income,71%,33%,,62%,,37%,,,76%,70%,56%,80%
Russian Federation,RUS,2021,117643312,Europe & Central Asia (excluding high income),Upper middle income,87%,,,76%,95%,45%,,19%,90%,86%,82%,90%
Rwanda,RWA,2011,5869061,Sub-Saharan Africa (excluding high income),Low income,,,,,,,,,28%,31%,31%,52%
Rwanda,RWA,2014,6379524,Sub-Saharan Africa (excluding high income),Low income,28%,,,88%,,7%,10%,,35%,17%,40%,58%
Rwanda,RWA,2017,6963509,Sub-Saharan Africa (excluding high income),Low income,39%,29%,,59%,,12%,,,45%,39%,47%,70%
Saudi Arabia,SAU,2011,19276344,High income,High income,,,,,,,,,15%,33%,39%,50%
Saudi Arabia,SAU,2014,21913624,High income,High income,51%,,,61%,,10%,,,61%,65%,64%,71%
Saudi Arabia,SAU,2017,24162356,High income,High income,61%,26%,,69%,,29%,,,58%,65%,65%,73%
Saudi Arabia,SAU,2021,26216154,High income,High income,73%,,,93%,98%,55%,,36%,63%,67%,77%,74%
Senegal,SEN,2011,7162266,Sub-Saharan Africa (excluding high income),Lower middle income,,,,,,,,,5%,3%,5%,14%
Senegal,SEN,2014,7780881,Sub-Saharan Africa (excluding high income),Lower middle income,12%,,,82%,,4%,13%,,11%,4%,11%,27%
Senegal,SEN,2017,8489699,Sub-Saharan Africa (excluding high income),Lower middle income,40%,29%,,38%,,6%,,,38%,34%,38%,54%
Senegal,SEN,2021,9612429,Sub-Saharan Africa (excluding high income),Lower middle income,53%,,25%,33%,90%,10%,,33%,50%,48%,51%,71%
Serbia,SRB,2011,6027458,Europe & Central Asia (excluding high income),Upper middle income,,,,,,,,,62%,49%,40%,71%
Serbia,SRB,2014,5976677,Europe & Central Asia (excluding high income),Upper middle income,64%,,,80%,,32%,23%,,83%,83%,76%,87%
Serbia,SRB,2017,5930598,Europe & Central Asia (excluding high income),Upper middle income,66%,12%,,85%,,31%,,,70%,65%,51%,81%
Serbia,SRB,2021,5846630,Europe & Central Asia (excluding high income),Upper middle income,87%,,,78%,85%,43%,,19%,90%,84%,80%,94%
Sierra Leone,SLE,2011,3654480,Sub-Saharan Africa (excluding high income),Low income,,,,,,,,,13%,,6%,42%
Sierra Leone,SLE,2014,3948927,Sub-Saharan Africa (excluding high income),Low income,13%,,,62%,,4%,43%,,12%,,16%,14%
Sierra Leone,SLE,2017,4277351,Sub-Saharan Africa (excluding high income),Low income,16%,10%,,39%,,3%,,,15%,13%,13%,44%
Sierra Leone,SLE,2021,4758780,Sub-Saharan Africa (excluding high income),Low income,27%,,6%,27%,79%,3%,,11%,25%,21%,21%,45%
Singapore,SGP,2011,4366302,High income,High income,,,,,,,,,98%,,94%,100%
Singapore,SGP,2014,4685017,High income,High income,90%,,,85%,,40%,25%,,96%,96%,95%,97%
Singapore,SGP,2017,4918190,High income,High income,90%,49%,,90%,,58%,,,96%,96%,93%,99%
Singapore,SGP,2021,4986386,High income,High income,95%,,,88%,89%,59%,,60%,97%,96%,92%,99%
Slovak Republic,SVK,2011,4564647,High income,High income,,,,,,,,,79%,73%,49%,88%
Slovak Republic,SVK,2014,4591995,High income,High income,75%,,,96%,,43%,21%,,80%,70%,24%,89%
Slovak Republic,SVK,2017,4602002,High income,High income,82%,43%,,93%,,53%,,,83%,78%,49%,92%
Slovak Republic,SVK,2021,4609787,High income,High income,95%,,,89%,96%,55%,,59%,94%,91%,71%,97%
Slovenia,SVN,2011,1761975,High income,High income,,,,,,,,,98%,95%,95%,98%
Slovenia,SVN,2014,1762843,High income,High income,88%,,,91%,,46%,,,97%,96%,91%,99%
Slovenia,SVN,2017,1759850,High income,High income,96%,44%,,88%,,53%,,,97%,95%,94%,99%
Slovenia,SVN,2021,1782242,High income,High income,97%,,,95%,89%,58%,,40%,98%,98%,97%,100%
Somalia,SOM,2014,6833151,Sub-Saharan Africa (excluding high income),Low income,38%,,,,,5%,21%,,34%,27%,33%,69%
South Africa,ZAF,2011,36020024,Sub-Saharan Africa (excluding high income),Upper middle income,,,,,,,,,51%,40%,43%,58%
South Africa,ZAF,2014,37886352,Sub-Saharan Africa (excluding high income),Upper middle income,66%,,,71%,,27%,27%,,70%,56%,61%,74%
South Africa,ZAF,2017,39787508,Sub-Saharan Africa (excluding high income),Upper middle income,60%,21%,,59%,,22%,,,70%,63%,64%,71%
South Africa,ZAF,2021,42227120,Sub-Saharan Africa (excluding high income),Upper middle income,81%,,5%,77%,74%,35%,,41%,86%,78%,76%,89%
South Sudan,SSD,2017,6253138,Sub-Saharan Africa (excluding high income),Low income,7%,1%,,,,2%,,,5%,4%,7%,24%
South Sudan,SSD,2021,6567611,Sub-Saharan Africa (excluding high income),Low income,5%,,0%,,61%,,,2%,4%,4%,4%,22%
Spain,ESP,2011,39686576,High income,High income,,,,,,,,,92%,92%,88%,95%
Spain,ESP,2014,39655828,High income,High income,94%,,,85%,,42%,,,98%,97%,93%,98%
Spain,ESP,2017,39620508,High income,High income,90%,30%,,84%,,39%,,,92%,93%,89%,96%
Spain,ESP,2021,40533192,High income,High income,98%,,,81%,86%,36%,,54%,97%,98%,96%,99%
Sri Lanka,LKA,2011,15119658,South Asia,Lower middle income,,,,,,,,,67%,59%,63%,76%
Sri Lanka,LKA,2014,15428078,South Asia,Lower middle income,25%,,,51%,,7%,30%,,83%,79%,74%,91%
Sri Lanka,LKA,2017,15988172,South Asia,Lower middle income,47%,8%,,48%,,9%,,,73%,71%,62%,85%
Sri Lanka,LKA,2021,16727518,South Asia,Lower middle income,55%,,,50%,79%,19%,,34%,89%,87%,77%,93%
Sudan,SDN,2011,19692580,Sub-Saharan Africa (excluding high income),Low income,,,,,,,,,4%,4%,4%,16%
Sudan,SDN,2014,21435986,Sub-Saharan Africa (excluding high income),Low income,12%,,,65%,,3%,27%,,10%,8%,7%,28%
Sweden,SWE,2011,7829992,High income,High income,,,,,,,,,99%,98%,99%,99%
Sweden,SWE,2014,7983539,High income,High income,99%,,,96%,,67%,,,100%,99%,100%,100%
Sweden,SWE,2017,8197626,High income,High income,98%,79%,,96%,,66%,,,100%,100%,97%,100%
Sweden,SWE,2021,8528795,High income,High income,99%,,,96%,97%,68%,,80%,100%,99%,100%,100%
Switzerland,CHE,2014,6891442,High income,High income,93%,,,92%,,57%,,,97%,99%,96%,99%
Switzerland,CHE,2017,7131358,High income,High income,96%,56%,,81%,,46%,,,99%,97%,97%,99%
Switzerland,CHE,2021,7344935,High income,High income,98%,,,77%,89%,36%,,56%,99%,99%,99%,100%
Syrian Arab Republic,SYR,2011,13375016,Middle East & North Africa (excluding high income),Low income,,,,,,,,,20%,24%,23%,24%
"Taiwan, China",TWN,2011,19470772,High income,High income,,,,,,,,,88%,83%,71%,94%
"Taiwan, China",TWN,2014,19984910,High income,High income,79%,,,75%,,35%,,,90%,88%,78%,96%
"Taiwan, China",TWN,2017,20350954,High income,High income,77%,33%,,84%,,40%,,,94%,91%,85%,98%
"Taiwan, China",TWN,2021,20584760,High income,High income,88%,,,89%,96%,43%,,68%,94%,93%,84%,98%
Tajikistan,TJK,2011,4841826,Europe & Central Asia (excluding high income),Lower middle income,,,,,,,,,2%,1%,1%,3%
Tajikistan,TJK,2014,5195926,Europe & Central Asia (excluding high income),Lower middle income,9%,,,63%,,4%,12%,,9%,6%,8%,13%
Tajikistan,TJK,2017,5533483,Europe & Central Asia (excluding high income),Lower middle income,44%,8%,,28%,,14%,,,42%,38%,39%,50%
Tajikistan,TJK,2021,5982957,Europe & Central Asia (excluding high income),Lower middle income,33%,,0%,31%,88%,9%,,2%,39%,38%,32%,42%
Tanzania,TZA,2011,24445748,Sub-Saharan Africa (excluding high income),Lower middle income,,,,,,,,,14%,9%,7%,41%
Tanzania,TZA,2014,26739442,Sub-Saharan Africa (excluding high income),Lower middle income,36%,,,52%,,,30%,,34%,25%,33%,68%
Tanzania,TZA,2017,29438308,Sub-Saharan Africa (excluding high income),Lower middle income,43%,37%,,42%,,6%,,,42%,37%,41%,67%
Tanzania,TZA,2021,33717320,Sub-Saharan Africa (excluding high income),Lower middle income,50%,,15%,39%,86%,6%,,22%,46%,39%,47%,73%
Thailand,THA,2011,54304496,East Asia & Pacific (excluding high income),Upper middle income,,,,,,,,,73%,65%,64%,91%
Thailand,THA,2014,55543504,East Asia & Pacific (excluding high income),Upper middle income,37%,,,89%,,8%,26%,,75%,71%,73%,85%
Thailand,THA,2017,56800868,East Asia & Pacific (excluding high income),Upper middle income,62%,17%,,68%,,18%,,,80%,78%,77%,87%
Thailand,THA,2021,58246340,East Asia & Pacific (excluding high income),Upper middle income,92%,,,81%,77%,37%,,54%,93%,98%,93%,97%
Togo,TGO,2011,3674032,Sub-Saharan Africa (excluding high income),Low income,,,,,,,,,9%,6%,6%,20%
Togo,TGO,2014,3996727,Sub-Saharan Africa (excluding high income),Low income,7%,,,59%,,2%,25%,,15%,8%,13%,33%
Togo,TGO,2017,4362945,Sub-Saharan Africa (excluding high income),Low income,31%,21%,,38%,,6%,,,38%,35%,38%,56%
Togo,TGO,2021,4914562,Sub-Saharan Africa (excluding high income),Low income,44%,,7%,51%,81%,6%,,18%,44%,39%,42%,62%
Trinidad and Tobago,TTO,2011,1052921,High income,High income,,,,,,,,,70%,,64%,80%
Trinidad and Tobago,TTO,2017,1093484,High income,High income,64%,13%,,68%,,34%,,,74%,77%,79%,81%
Tunisia,TUN,2014,8381202,Middle East & North Africa (excluding high income),Lower middle income,17%,,,57%,,4%,8%,,21%,15%,23%,33%
Tunisia,TUN,2017,8591175,Middle East & North Africa (excluding high income),Lower middle income,29%,4%,,76%,,10%,,,28%,21%,24%,48%
Tunisia,TUN,2021,8947795,Middle East & North Africa (excluding high income),Lower middle income,28%,,1%,55%,81%,8%,,15%,29%,32%,29%,43%
Turkey,TUR,2011,52869660,Europe & Central Asia (excluding high income),Upper middle income,,,,,,,,,33%,47%,51%,65%
Turkey,TUR,2014,56091336,Europe & Central Asia (excluding high income),Upper middle income,50%,,,59%,,17%,28%,,44%,51%,48%,61%
Turkey,TUR,2017,59612044,Europe & Central Asia (excluding high income),Upper middle income,64%,28%,,76%,,31%,,,54%,56%,57%,74%
Turkey,TUR,2021,64146560,Europe & Central Asia (excluding high income),Upper middle income,68%,,,61%,77%,24%,,10%,63%,61%,62%,82%
Turkmenistan,TKM,2011,3585600,Europe & Central Asia (excluding high income),Upper middle income,,,,,,,,,1%,0%,0%,1%
Turkmenistan,TKM,2017,3916760,Europe & Central Asia (excluding high income),Upper middle income,34%,2%,,73%,,31%,,,36%,39%,10%,42%
Uganda,UGA,2011,16508344,Sub-Saharan Africa (excluding high income),Low income,,,,,,,,,15%,10%,14%,26%
Uganda,UGA,2014,18379766,Sub-Saharan Africa (excluding high income),Low income,40%,,,70%,,6%,49%,,37%,29%,37%,57%
Uganda,UGA,2017,20746646,Sub-Saharan Africa (excluding high income),Low income,55%,47%,,53%,,12%,,,53%,47%,47%,77%
Uganda,UGA,2021,24692876,Sub-Saharan Africa (excluding high income),Low income,63%,,29%,51%,92%,14%,,39%,65%,51%,54%,76%
Ukraine,UKR,2011,39391044,Europe & Central Asia (excluding high income),Lower middle income,,,,,,,,,39%,30%,12%,47%
Ukraine,UKR,2014,38776792,Europe & Central Asia (excluding high income),Lower middle income,48%,,,73%,,30%,10%,,52%,44%,21%,59%
Ukraine,UKR,2017,38058352,Europe & Central Asia (excluding high income),Lower middle income,61%,18%,,66%,,30%,,,61%,53%,31%,68%
Ukraine,UKR,2021,37077328,Europe & Central Asia (excluding high income),Lower middle income,81%,,,77%,88%,33%,,11%,81%,80%,45%,85%
United Arab Emirates,ARE,2011,7425135,High income,High income,,,,,,,,,47%,53%,43%,61%
United Arab Emirates,ARE,2014,7935036,High income,High income,77%,,,77%,,42%,,,68%,78%,64%,85%
United Arab Emirates,ARE,2017,8014351,High income,High income,84%,47%,,81%,,66%,,,76%,83%,71%,89%
United Arab Emirates,ARE,2021,8425228,High income,High income,77%,,,58%,81%,16%,,11%,87%,83%,76%,86%
United Kingdom,GBR,2011,51785084,High income,High income,,,,,,,,,98%,97%,90%,99%
United Kingdom,GBR,2014,52884032,High income,High income,97%,,,94%,,51%,,,99%,98%,100%,99%
United Kingdom,GBR,2017,54070712,High income,High income,96%,47%,,91%,,54%,,,96%,94%,90%,98%
United Kingdom,GBR,2021,55333460,High income,High income,99%,,,87%,92%,36%,,61%,100%,100%,98%,100%
United States,USA,2011,246828208,High income,High income,,,,,,,,,84%,79%,47%,90%
United States,USA,2014,254058320,High income,High income,92%,,,93%,,43%,,,95%,88%,60%,94%
United States,USA,2017,261612704,High income,High income,91%,67%,,93%,,48%,,,93%,85%,65%,94%
United States,USA,2021,268952128,High income,High income,93%,,,95%,95%,51%,,65%,97%,91%,58%,96%
Uruguay,URY,2011,2613435,High income,High income,,,,,,,,,24%,9%,11%,35%
Uruguay,URY,2014,2661349,High income,High income,41%,,,60%,,16%,14%,,41%,33%,33%,53%
Uruguay,URY,2017,2707064,High income,High income,59%,16%,,66%,,27%,,,61%,49%,51%,69%
Uruguay,URY,2021,2767344,High income,High income,68%,,,68%,87%,30%,,15%,76%,63%,65%,83%
Uzbekistan,UZB,2011,20240648,Europe & Central Asia (excluding high income),Lower middle income,,,,,,,,,21%,19%,10%,28%
Uzbekistan,UZB,2014,21642292,Europe & Central Asia (excluding high income),Lower middle income,38%,,,50%,,18%,10%,,39%,35%,24%,48%
Uzbekistan,UZB,2017,22806744,Europe & Central Asia (excluding high income),Lower middle income,34%,7%,,57%,,14%,,,36%,31%,21%,43%
Uzbekistan,UZB,2021,24373204,Europe & Central Asia (excluding high income),Lower middle income,42%,,,58%,92%,14%,,3%,39%,41%,24%,52%
"Venezuela, RB",VEN,2011,19934270,Latin America & Caribbean (excluding high income),,,,,,,,,,36%,31%,32%,47%
"Venezuela, RB",VEN,2014,21123452,Latin America & Caribbean (excluding high income),,50%,,,80%,,16%,15%,,53%,48%,38%,64%
"Venezuela, RB",VEN,2017,21428076,Latin America & Caribbean (excluding high income),,69%,30%,,83%,,29%,,,70%,60%,58%,78%
"Venezuela, RB",VEN,2021,20683544,Latin America & Caribbean (excluding high income),,81%,,,81%,95%,28%,,10%,80%,78%,83%,85%
Vietnam,VNM,2011,67183392,East Asia & Pacific (excluding high income),Lower middle income,,,,,,,,,19%,11%,5%,32%
Vietnam,VNM,2014,69838360,East Asia & Pacific (excluding high income),Lower middle income,19%,,,68%,,8%,47%,,32%,19%,15%,40%
Vietnam,VNM,2017,72068520,East Asia & Pacific (excluding high income),Lower middle income,23%,9%,,64%,,10%,,,30%,20%,13%,42%
Vietnam,VNM,2022,74761840,East Asia & Pacific (excluding high income),Lower middle income,46%,,,77%,97%,24%,,21%,53%,41%,22%,61%
West Bank and Gaza,PSE,2011,2184854,Middle East & North Africa (excluding high income),Lower middle income,,,,,,,,,10%,8%,13%,22%
West Bank and Gaza,PSE,2014,2414546,Middle East & North Africa (excluding high income),Lower middle income,14%,,,55%,,7%,15%,,21%,16%,25%,24%
West Bank and Gaza,PSE,2017,2638289,Middle East & North Africa (excluding high income),Lower middle income,14%,2%,,61%,,6%,,,16%,12%,18%,28%
West Bank and Gaza,PSE,2021,2960680,Middle East & North Africa (excluding high income),Lower middle income,21%,,0%,52%,87%,7%,,7%,26%,17%,31%,35%
"Yemen, Rep.",YEM,2011,13273957,Middle East & North Africa (excluding high income),Low income,,,,,,,,,1%,1%,1%,11%
"Yemen, Rep.",YEM,2014,14730666,Middle East & North Africa (excluding high income),Low income,4%,,,,,,6%,,2%,4%,4%,13%
"Yemen, Rep.",YEM,2022,18243880,Middle East & North Africa (excluding high income),Low income,9%,,,51%,89%,3%,,3%,5%,7%,7%,20%
Zambia,ZMB,2011,7171836,Sub-Saharan Africa (excluding high income),Lower middle income,,,,,,,,,23%,9%,9%,32%
Zambia,ZMB,2014,7946524,Sub-Saharan Africa (excluding high income),Lower middle income,29%,,,56%,,8%,40%,,33%,21%,22%,51%
Zambia,ZMB,2017,8862718,Sub-Saharan Africa (excluding high income),Lower middle income,39%,26%,,45%,,12%,,,40%,31%,31%,60%
Zambia,ZMB,2021,10291819,Sub-Saharan Africa (excluding high income),Lower middle income,46%,,20%,48%,48%,9%,,29%,45%,33%,33%,67%
Zimbabwe,ZWE,2011,7414228,Sub-Saharan Africa (excluding high income),Lower middle income,,,,,,,,,37%,24%,,
Zimbabwe,ZWE,2014,7712326,Sub-Saharan Africa (excluding high income),Lower middle income,30%,,,72%,,6%,35%,,29%,16%,21%,40%
Zimbabwe,ZWE,2017,8044282,Sub-Saharan Africa (excluding high income),Lower middle income,53%,46%,,64%,,13%,,,52%,44%,38%,65%
Zimbabwe,ZWE,2021,8633711,Sub-Saharan Africa (excluding high income),Lower middle income,58%,,8%,52%,80%,13%,,12%,54%,47%,47%,68%
East Asia & Pacific,EAS,2011,1745730944,,,,,,,,,,,58%,46%,51%,73%
East Asia & Pacific,EAS,2014,1793015424,,,48%,,,80%,,18%,,,70%,65%,64%,81%
East Asia & Pacific,EAS,2017,1838726528,,,61%,32%,,66%,,22%,,,71%,64%,64%,84%
East Asia & Pacific,EAS,2021,1893003008,,,78%,,,73%,92%,34%,,42%,81%,77%,75%,90%
Europe & Central Asia,ECS,2011,732923712,,,,,,,,,,,66%,68%,49%,76%
Europe & Central Asia,ECS,2014,739799936,,,71%,,,81%,,38%,,,76%,74%,57%,82%
Europe & Central Asia,ECS,2017,748191680,,,78%,37%,,80%,,42%,,,79%,76%,68%,85%
Europe & Central Asia,ECS,2021,756580800,,,87%,,,80%,89%,39%,,37%,88%,86%,78%,92%
Latin America & Caribbean,LCN,2011,426676576,,,,,,,,,,,35%,24%,30%,46%
Latin America & Caribbean,LCN,2014,448577888,,,44%,,,72%,,18%,,,49%,41%,43%,58%
Latin America & Caribbean,LCN,2017,469688800,,,46%,12%,,62%,,18%,,,52%,43%,44%,61%
Latin America & Caribbean,LCN,2021,496504576,,,66%,,,67%,89%,22%,,20%,70%,68%,64%,78%
Middle East & North Africa,MEA,2011,268381552,,,,,,,,,,,28%,31%,26%,47%
Middle East & North Africa,MEA,2017,303918752,,,38%,13%,,67%,,14%,,,38%,40%,31%,61%
Middle East & North Africa,MEA,2021,326097408,,,46%,,,71%,90%,17%,,15%,46%,46%,39%,62%
North America,NAC,2011,275278368,,,,,,,,,,,85%,80%,63%,91%
North America,NAC,2014,283521792,,,93%,,,94%,,44%,,,95%,89%,72%,95%
North America,NAC,2017,292033984,,,92%,68%,,94%,,49%,,,93%,87%,67%,95%
North America,NAC,2021,301014272,,,94%,,,96%,95%,52%,,65%,97%,92%,60%,97%
Sub-Saharan Africa,SSF,2011,488778464,,,,,,,,,,,21%,13%,12%,38%
Sub-Saharan Africa,SSF,2014,533070528,,,28%,,,68%,,7%,,,30%,24%,23%,52%
Sub-Saharan Africa,SSF,2017,583149696,,,34%,21%,,62%,,9%,,,37%,32%,31%,60%
Sub-Saharan Africa,SSF,2021,658845120,,,50%,,,62%,82%,13%,,26%,49%,44%,39%,74%
High income: OECD,OED,2011,,,,,,,,,,,,88%,87%,74%,93%
High income: OECD,OED,2014,,,,89%,,,89%,,44%,,,94%,91%,79%,96%
High income: OECD,OED,2017,,,,92%,53%,,90%,,50%,,,94%,91%,85%,96%
High income: OECD,OED,2021,,,,96%,,,90%,92%,49%,,59%,98%,95%,91%,98%
Arab world,ARB,2011,,,,,,,,,,,,14%,16%,14%,31%
Arab world,ARB,2014,,,,21%,,,64%,,8%,,,22%,23%,21%,39%
Arab world,ARB,2017,,,,26%,6%,,65%,,11%,,,26%,28%,26%,49%
Arab world,ARB,2021,,,,32%,,,65%,88%,15%,,11%,31%,32%,29%,49%
Euro area,EMU,2011,284313824,,,,,,,,,,,89%,90%,76%,95%
Euro area,EMU,2014,285606656,,,88%,,,84%,,43%,,,94%,92%,83%,97%
Euro area,EMU,2017,288908448,,,92%,45%,,85%,,49%,,,94%,94%,89%,97%
Euro area,EMU,2021,291658880,,,97%,,,83%,89%,42%,,54%,98%,97%,97%,99%
High income,HIC,2011,954098880,,High income,,,,,,,,,86%,85%,71%,92%
High income,HIC,2014,974348800,,High income,88%,,,88%,,43%,,,92%,90%,78%,95%
High income,HIC,2017,995665920,,High income,90%,52%,,89%,,49%,,,93%,90%,84%,95%
High income,HIC,2021,1016635456,,High income,95%,,,90%,93%,49%,,58%,97%,94%,90%,97%
Low income,LIC,2011,286655648,,Low income,,,,,,,,,8%,6%,7%,17%
Low income,LIC,2014,313035008,,Low income,12%,,,61%,,3%,21%,,15%,12%,14%,30%
Low income,LIC,2017,342483680,,Low income,22%,14%,,58%,,6%,,,26%,22%,26%,47%
Low income,LIC,2021,387653984,,Low income,35%,,,41%,84%,8%,,18%,34%,30%,29%,62%
Lower middle income,LMC,2011,1945394048,,Lower middle income,,,,,,,,,25%,21%,24%,43%
Lower middle income,LMC,2014,2061744512,,Lower middle income,24%,,,55%,,6%,26%,,37%,34%,33%,55%
Lower middle income,LMC,2017,2181283328,,Lower middle income,31%,10%,,48%,,8%,,,53%,51%,49%,68%
Lower middle income,LMC,2021,2343649024,,Lower middle income,38%,,,39%,85%,9%,,15%,59%,58%,57%,69%
Upper middle income,UMC,2011,1846008192,,Upper middle income,,,,,,,,,52%,41%,51%,64%
Upper middle income,UMC,2014,1897558912,,Upper middle income,48%,,,77%,,19%,27%,,68%,64%,66%,76%
Upper middle income,UMC,2017,1947948416,,Upper middle income,61%,30%,,63%,,22%,,,69%,62%,66%,79%
Upper middle income,UMC,2021,2008144896,,Upper middle income,80%,,,71%,90%,33%,,36%,82%,79%,79%,89%
Middle income,MIC,2011,3791281920,,,,,,,,,,,38%,31%,37%,54%
Middle income,MIC,2014,3959183360,,,36%,,,69%,,13%,27%,,53%,49%,50%,66%
Middle income,MIC,2017,4129118976,,,45%,19%,,56%,,14%,,,61%,57%,57%,73%
Middle income,MIC,2021,4351686656,,,57%,,,57%,87%,20%,,25%,70%,68%,66%,79%
Developing,LMY,2011,4077907968,,,,,,,,,,,37%,30%,35%,53%
Developing,LMY,2014,4272187136,,,35%,,,69%,,12%,26%,,51%,47%,47%,64%
Developing,LMY,2017,4471570944,,,44%,19%,,56%,,14%,,,59%,55%,55%,72%
Developing,LMY,2021,4739308032,,,57%,,,56%,87%,20%,,25%,68%,67%,65%,79%
East Asia & Pacific (excluding high income),EAP,2011,1540547200,East Asia & Pacific (excluding high income),,,,,,,,,,52%,40%,50%,65%
East Asia & Pacific (excluding high income),EAP,2014,1584556800,East Asia & Pacific (excluding high income),,43%,,,79%,,15%,33%,,67%,61%,64%,76%
East Asia & Pacific (excluding high income),EAP,2017,1627196672,East Asia & Pacific (excluding high income),,57%,30%,,61%,,18%,,,68%,60%,63%,80%
East Asia & Pacific (excluding high income),EAP,2021,1679088128,East Asia & Pacific (excluding high income),,76%,,,69%,92%,31%,,40%,79%,75%,75%,88%
Europe & Central Asia (excluding high income),ECA,2011,320032896,Europe & Central Asia (excluding high income),,,,,,,,,,40%,36%,30%,50%
Europe & Central Asia (excluding high income),ECA,2014,323806528,Europe & Central Asia (excluding high income),,49%,,,69%,,28%,14%,,56%,51%,35%,64%
Europe & Central Asia (excluding high income),ECA,2017,327108096,Europe & Central Asia (excluding high income),,60%,23%,,67%,,31%,,,62%,56%,46%,71%
Europe & Central Asia (excluding high income),ECA,2021,331001824,Europe & Central Asia (excluding high income),,74%,,,70%,88%,34%,,14%,75%,72%,58%,82%
Latin America & Caribbean (excluding high income),LAC,2011,385818432,Latin America & Caribbean (excluding high income),,,,,,,,,,35%,24%,30%,46%
Latin America & Caribbean (excluding high income),LAC,2014,405912640,Latin America & Caribbean (excluding high income),,43%,,,72%,,18%,19%,,49%,41%,43%,57%
Latin America & Caribbean (excluding high income),LAC,2017,426065184,Latin America & Caribbean (excluding high income),,45%,11%,,61%,,17%,,,51%,42%,44%,60%
Latin America & Caribbean (excluding high income),LAC,2021,452677120,Latin America & Caribbean (excluding high income),,65%,,,66%,89%,21%,,19%,69%,67%,64%,77%
Middle East & North Africa (excluding high income),MNA,2011,228619264,Middle East & North Africa (excluding high income),,,,,,,,,,26%,27%,25%,41%
Middle East & North Africa (excluding high income),MNA,2017,255148128,Middle East & North Africa (excluding high income),,33%,10%,,64%,,10%,,,35%,35%,30%,57%
Middle East & North Africa (excluding high income),MNA,2021,273163360,Middle East & North Africa (excluding high income),,40%,,,67%,89%,12%,,12%,42%,41%,38%,56%
South Asia,SAS,2011,1114356608,South Asia,,,,,,,,,,24%,24%,27%,50%
South Asia,SAS,2014,1182769792,South Asia,,19%,,,48%,,4%,23%,,37%,38%,36%,60%
South Asia,SAS,2017,1253113856,South Asia,,28%,7%,,42%,,6%,,,64%,66%,63%,78%
South Asia,SAS,2021,1344724608,South Asia,,34%,,,29%,83%,7%,,12%,66%,67%,65%,73%
Sub-Saharan Africa (excluding high income),SSA,2011,488709184,Sub-Saharan Africa (excluding high income),,,,,,,,,,21%,13%,12%,38%
Sub-Saharan Africa (excluding high income),SSA,2014,533001184,Sub-Saharan Africa (excluding high income),,28%,,,68%,,7%,27%,,30%,24%,23%,52%
Sub-Saharan Africa (excluding high income),SSA,2017,583077120,Sub-Saharan Africa (excluding high income),,34%,21%,,62%,,9%,,,37%,32%,31%,60%
Sub-Saharan Africa (excluding high income),SSA,2021,658770048,Sub-Saharan Africa (excluding high income),,50%,,,62%,82%,13%,,26%,49%,44%,39%,74%
World,WLD,2011,5051901952,,,,,,,,,,,47%,41%,37%,66%
World,WLD,2014,5267619840,,,44%,,,74%,,18%,,,58%,55%,48%,73%
World,WLD,2017,5488623616,,,52%,25%,,64%,,20%,,,65%,61%,56%,79%
World,WLD,2021,5776584704,,,64%,,,65%,88%,25%,,31%,74%,72%,66%,85%
